{"Soup":{"Shoyu":33,
"Tonkotsu":11,
"Shio":22},
"boss":"Mr. Miyazaki",
"ExtraDishes":{"Extra Nori":11,
"Bammboo shoots":44,
"Extra boiled egg":33,
"Extra Chashu":22},
"SpringOnion":{"No please":11,
"Just a little":22,
"A lot!":33},
"Spiciness":{"0":11,
"1":22,
"2":33,
"3":33,
"4":99,
"5":11},
"restaurant":"Totoro Ramen",
"Chashu":{"No":11,
"Yes":6},
"BoiledEgg":{"No":22,
"Yes":44},
"sendStatus":"not",
"Nori":{"No":16,
"Yes":33},
"email":"11111@qq.com",
"Noodles":{"Medium":11,
"Soft":33,
"Firm":22}}
