{"members":[{"member_number":"00000001","last_name":"Ma","stamp":"0","mobile_number":"13103516529","first_name":"Jindong","email":"8888@qq.com"},{"member_number":"00000002","last_name":"Cheng","stamp":"11","mobile_number":"13103516529","first_name":"Qiushuo","email":"4984177@qq.com"},{"member_number":"00000003","last_name":"Hu","stamp":"6","mobile_number":"13103516529","first_name":"Zhenming","email":"asdasd@qq.com"},{"member_number":"84441103","last_name":"ji","stamp":"0","mobile_number":"13103516529","first_name":"ma","email":"asdasd@qq.com"}]}