{"boss":"Mr. Miyazaki",
"restaurant":"Totoro Ramen",
"dishes":[{"dishID":"compulsory01",
"name":"Soup",
"option":[{"item":"Tonkotsu",
"availability":"Yes"},
{"item":"Shoyu",
"availability":"No"},
{"item":"Shio",
"availability":"Yes"}]},
{"dishID":"compulsory02",
"name":"Noodles",
"option":[{"item":"Soft",
"availability":"Yes"},
{"item":"Medium",
"availability":"Yes"},
{"item":"Firm",
"availability":"No"}]},
{"dishID":"compulsory03",
"name":"Spring onion",
"option":[{"item":"No please",
"availability":"No"},
{"item":"Just a little",
"availability":"No"},
{"item":"A lot!",
"availability":"Yes"}]},
{"dishID":"compulsory04",
"name":"Nori",
"option":[{"item":"Yes",
"availability":"Yes"},
{"item":"No",
"availability":"No"}]},
{"dishID":"compulsory05",
"name":"Chashu",
"option":[{"item":"Yes",
"availability":"No"},
{"item":"No",
"availability":"Yes"}]},
{"dishID":"compulsory06",
"name":"Boiled egg",
"option":[{"item":"Yes",
"availability":"Yes"},
{"item":"No",
"availability":"Yes"}]},
{"dishID":"compulsory07",
"name":"Spiciness",
"option":[{"item":"0(No)",
"availability":"Yes"},
{"item":"1",
"availability":"No"},
{"item":"2",
"availability":"Yes"},
{"item":"3",
"availability":"No"},
{"item":"4",
"availability":"Yes"},
{"item":"5(Max)",
"availability":"No"}]}]}
